CATEGORIA;CLASSE;TIPOLOGIA DOCUMENTARIA;CONSERVAZIONE
1;1;CIRCOLARI EMANATE DAL COMUNE: REPERTORIO ANNUALE;PERMANENTE
1;1;CIRCOLARI PERVENUTE: REPERTORIO ANNUALE;PERMANENTE
1;1;PARERI CHIESTI DAL COMUNE SU LEGGI SPECIFICHE;PERMANENTE
1;10;COSTITUZIONE DELLE RAPPRESENTANZE DEL PERSONALE;PERMANENTE
1;10;RAPPORTI DI CARATTERE GENERALE;PERMANENTE
1;10;VERBALI DELLA DELEGAZIONE TRATTANTE PER LA CONTRATTAZIONE INTEGRATIVA DECENTRATA;PERMANENTE
1;11;CONTROLLI;PERMANENTE
1;12;COMUNICATI STAMPA;PERMANENTE
1;12;PUBBLICAZIONI ISTITUZIONALI DEL COMUNE (LIBRI, RIVISTE, INSERZIONI O ALTRO);PERMANENTE
1;12;PUBBLICAZIONI ISTITUZIONALI DEL COMUNE (MATERIALI PREPARATORI);2 ANNI
1;13;CONCESSIONE DELLíUSO DEL SIGILLO: UN FASC. ANNUALE;PERMANENTE
1;13;INIZIATIVE SPECIFICHE: UN FASC. PER CIASCUNA INIZIATIVA;PERMANENTE
1;13;ONORIFICENZE (CONCESSE E RICEVUTE): UN FASC. PER CIASCUN EVENTO;PERMANENTE
1;14;GEMELLAGGI;PERMANENTE
1;14;INIZIATIVE SPECIFICHE (AD ESEMPIO, ADESIONE A MOVIMENTI DI OPINIONE): UN FASC. PER CIASCUN AFFARE;PERMANENTE
1;14;PROMOZIONE DI COMITATI: UN FASC. PER CIASCUN AFFARE;PERMANENTE
1;15;COSTITUZIONE DI ENTI CONTROLLATI DAL COMUNE (COMPRENSIVO DELLA NOMINA DEI RAPPRESENTANTI E DEI VERBALI INVIATI PER APPROVAZIONE);PERMANENTE, PREVIO SFOLTIMENTO DEL CARTEGGIO DI CARATTERE TRANSITORIO
1;15;PARTECIPAZIONE DEL COMUNE A ENTI E ASSOCIAZIONI (COMPRENSIVO DELLA NOMINA DEI RAPPRESENTANTI);PERMANENTE, PREVIO SFOLTIMENTO DEL CARTEGGIO DI CARATTERE TRANSITORIO
1;17;ALBO DELLíASSOCIAZIONISMO: ELENCO DELLE ASSOCIAZIONI ACCREDITATE;PERMANENTE
1;17;FASCICOLI DELLE ASSOCIAZIONI CHE CHIEDONO LíISCRIZIONE ALLíALBO;PERMANENTE
1;17;POLITICA DI INCORAGGIAMENTO E APPOGGIO ALLE ASSOCIAZIONI;PERMANENTE
1;4;REDAZIONE DEI REGOLAMENTI: UN FASC. PER CIASCUN AFFARE;PERMANENTE, PREVIO SFOLTIMENTO DEI DOCUMENTI DI
1;4;REGOLAMENTI EMESSI DAL COMUNE: REPERTORIO ANNUALE;PERMANENTE
1;5;CONCESSIONE DEL PATROCINIO GRATUITO E DEL CONNESSO USO DELLO STEMMA DEL COMUNE: FASC. ANNUALE PER ATTIVITņ;PERMANENTE
1;5;DEFINIZIONE, MODIFICA, RICONOSCIMENTO DEL GONFALONE;PERMANENTE
1;5;DEFINIZIONE, MODIFICA, RICONOSCIMENTO DEL SIGILLO;PERMANENTE
1;5;DEFINIZIONE, MODIFICA, RICONOSCIMENTO DELLO STEMMA;PERMANENTE
1;6;ATTI ROGATI DAL SEGRETARIO COMUNALE (CONTRATTI E ATTI UNILATERALI IN FORMA PUBBLICA AMMINISTRATIVA);PERMANENTE
1;6;CONTRATTI E CONVENZIONI DELLE CIRCOSCRIZIONI: UN REPERTORIO PER CIASCUNA CIRCOSCRIZIONE;PERMANENTE
1;6;CONTRATTI E CONVENZIONI: REPERTORIO;PERMANENTE
1;6;DECRETI DEL SINDACO: REPERTORIO;PERMANENTE
1;6;DELIBERAZIONI DEGLI ESECUTIVI CIRCOSCRIZIONALI: UN REPERTORIO ANNUALE PER CIASCUNA CIRCOSCRIZIONE;PERMANENTE
1;6;DELIBERAZIONI DEI CONSIGLI CIRCOSCRIZIONALI: UN REPERTORIO ANNUALE PER CIASCUNA CIRCOSCRIZIONE;PERMANENTE
1;6;DELIBERAZIONI DEL CONSIGLIO COMUNALE: REPERTORIO;PERMANENTE
1;6;DELIBERAZIONI DELLA GIUNTA COMUNALE: REPERTORIO;PERMANENTE
1;6;DETERMINAZIONI DEI DIRIGENTI: REPERTORIO;PERMANENTE
1;6;INTERVENTI STRAORDINARI (AD ESEMPIO, TRASLOCHI, RESTAURI, GESTIONE SERVIZI ESTERNI, SCELTA DEL SOFTWARE DI GESTIONE);PERMANENTE
1;6;ORDINANZE DEI DIRIGENTI: REPERTORIO;PERMANENTE
1;6;ORDINANZE DEL SINDACO: REPERTORIO;PERMANENTE
1;6;ORGANIZZAZIONE DEL SERVIZIO E DELLíATTIVITņ ORDINARIA (AGGIORNAMENTO DEL MANUALE DI GESTIONE CON TITOLARIO E PIANO DI CONSERVAZIONE, SELEZIONE PERIODICA, RIORDINO, INVENTARIAZIONE,SPOSTAMENTI E VERSAMENTI DI MATERIALE, DEPOSITI E COMODATI):;PERMANENTE
1;6;REGISTRI DELLE SPEDIZIONI E DELLE SPESE POSTALI;1 ANNO
1;6;REGISTRO DELLíALBO DELLA CIRCOSCRIZIONE: UN REPERTORIO ANNUALEPER CIASCUNA CIRCOSCRIZIONE;PERMANENTE
1;6;REGISTRO DELLíALBO PRETORIO;20 ANNI
1;6;REGISTRO DELLE NOTIFICHE;20 ANNI
1;6;REGISTRO DI PROTOCOLLO;PERMANENTE
1;6;REPERTORIO DEI FASCICOLI;PERMANENTE
1;6;RICHIESTE DI ACCESSO PER FINI AMMINISTRATIVI;1 ANNO DALLA RICOLLOCAZIONE
1;6;RICHIESTE DI INFORMAZIONI ARCHIVISTICHE E RICHIESTE PER MOTIVI DI STUDIO;PERMANENTE
1;6;RICHIESTE DI NOTIFICA PRESSO LA CASA COMUNALE (CON ALLEGATI);2 ANNI
1;6;RICHIESTE DI PUBBLICAZIONE ALLíALBO PRETORIO;1 ANNO
1;6;VERBALI DEGLI ALTRI ORGANI COLLEGIALI DEL COMUNE: REPERTORIO;PERMANENTE
1;6;VERBALI DEGLI ORGANI COLLEGIALI DELLE CIRCOSCRIZIONI: UN REPERTORIO ANNUALE PER CIASCUNA CIRCOSCRIZIONE;PERMANENTE
1;6;VERBALI DELLE ADUNANZE DEGLI ESECUTIVI CIRCOSCRIZIONALI: UN REPERTORIO ANNUALE PER CIASCUNA CIRCOSCRIZIONE;PERMANENTE
1;6;VERBALI DELLE ADUNANZE DEI CONSIGLI CIRCOSCRIZIONALI: UN REPERTORIO ANNUALE PER CIASCUNA CIRCOSCRIZIONE;PERMANENTE
1;6;VERBALI DELLE ADUNANZE DEL CONSIGLIO COMUNALE: REPERTORIO;PERMANENTE
1;6;VERBALI DELLE ADUNANZE DELLA GIUNTA COMUNALE: REPERTORIO;PERMANENTE
1;7;ORGANIZZAZIONE DEL SISTEMA;PERMANENTE
1;7;STATISTICHE;PERMANENTE, DOPO LíELIMINAZIONE DEI MATERIALI PREPARATORI
1;8;ATTI DEL DIFENSORE CIVICO;PERMANENTE
1;8;BANDI E AVVISI A STAMPA;PERMANENTE
1;8;INIZIATIVE SPECIFICHE DELLíURP: UN FASC. PER CIASCUN AFFARE;PERMANENTE, DOPO SFOLTIMENTO DEL CARTEGGIO DI CARATTERE TRANSITORIO E STRUMENTALE
1;8;MATERIALI PREPARATORI PER IL SITO WEB;PERMANENTE
1;8;RECLAMI DEI CITTADINI (COMUNQUE PERVENUTI);PERMANENTE
1;9;ATTRIBUZIONE DI COMPETENZE AGLI UFFICI;PERMANENTE
1;9;MATERIALE PREPARATORIO PER LE DELIBERAZIONI IN MATERIA DI POLITICA DEL PERSONALE;10 ANNI
1;9;ORARI DI APERTURA DEGLI UFFICI COMUNALI E DEGLI ALTRI UFFICI E ATTIVITņ INSISTENTI SUL TERRITORIO COMUNALE;PERMANENTE
1;9;ORGANIGRAMMA: UN FASC. PER CIASCUNA DEFINIZIONE DELLíORGANIGRAMMA;PERMANENTE
1;9;ORGANIZZAZIONE DEGLI UFFICI: UN FASC. PER CIASCUN AFFARE;PERMANENTE
10;1;AUTORIZZAZIONI SANITARIE: REPERTORIO ANNUALE;PERMANENTE
10;1;CONCESSIONI DI AGIBILITņ: REPERTORIO ANNUALE;PERMANENTE
10;1;EMERGENZE SANITARIE: UN FASC. PER CIASCUN EVENTO;PERMANENTE
10;1;FASCICOLI DEI RICHIEDENTI AUTORIZZAZIONI SANITARIE: UN FASC. PER CIASCUNA PERSONA/DITTA;5 ANNI DALLA CESSAZIONE DELLíATTIVITņ
10;1;FASCICOLI DEI RICHIEDENTI LíAGIBILITņ: UN FASC. PER CIASCUN RICHIEDENTE;PERMANENTE
10;1;INTERVENTI DI DERATTIZZAZIONE, DEZANZARIZZAZIONE ETC.: UN FASC. PERCIASCUN INTERVENTO;1 ANNO
10;1;MISURE DI IGIENE PUBBLICA: UN FASC. PER CIASCUN AFFARE;PERMANENTE
10;1;TRATTAMENTI FITOSANITARI E DI DISINFESTAZIONE: UN FASC. PER CIASCUN INTERVENTO;1 ANNO
10;5;GESTIONE DEI RICOVERI E DEGLI EVENTI CONNESSI: UN FASC. PER;3 ANNI
11;1;ATTI ALLEGATI PER REGISTRAZIONI;=
11;1;ATTI PER ANNOTAZIONI SUI REGISTRI DI STATO CIVILE: UN FASC. PER CIASCUN PROCEDIMENTO;10 ANNI
11;1;COMUNICAZIONE DEI NATI ALLíAGENZIA PER LE ENTRATE: UN FASC. PER CIASCUN PERIODO;1 ANNO
11;1;REGISTRO DEI MATRIMONI: REPERTORIO ANNUALE;PERMANENTE
11;1;REGISTRO DEI MORTI: REPERTORIO ANNUALE;PERMANENTE
11;1;REGISTRO DEI NATI: REPERTORIO ANNUALE;PERMANENTE
11;1;REGISTRO DI CITTADINANZA: REPERTORIO ANNUALE;PERMANENTE, SE RECANTI REGISTRAZIONI
11;2;AIRE: UN FASC. PER CIASCUNA PERSONA;PERMANENTE
11;2;APR 4: ISCRIZIONI ANAGRAFICHE: UN FASC. PER CIASCUNA PERSONA;PERMANENTE
11;2;CAMBI DI ABITAZIONE E RESIDENZA: UN FASC. PER CIASCUNA PERSONA;10 ANNI
11;2;CANCELLAZIONI: UN FASC. PER CIASCUNA PERSONA;10 ANNI
11;2;CARTE DíIDENTITņ SCADUTE E RICONSEGNATE: UN FASC. PER CIASCUNA PERSONA;5 ANNI
11;2;CARTEGGIO CON LA CORTE DíAPPELLO PER LA FORMAZIONE DEGLI ALBI DEI;3 ANNI DALLíULTIMA REVISIONE
11;2;CARTELLINI PER CARTE DíIDENTITņ: UNO PER CIASCUNA PERSONA;1 ANNO
11;2;CORRISPONDENZA CON ALTRE AMMINISTRAZIONI PER RILASCIO E TRASMISSIONE DOCUMENTI: UN FASC. PER CIASCUN PERIODO (MESE O ANNO);1 ANNO
11;2;GIUDICI POPOLARI: UN FASC. PER CIASCUN PERIODO;
11;2;REGISTRO DELLA POPOLAZIONE: SU BASE DI DATI;PERMANENTE
11;2;RICHIESTE CERTIFICATI: UN FASC. PER CIASCUN PERIODO (MESE O ANNO);1 ANNO
11;3;ATTI PREPARATORI E ORGANIZZATIVI;3 ANNI
11;3;SCHEDONI STATISTICI DEL CENSIMENTO;"SI CONSERVANO QUELLI DELLíULTIMO CENSIMENTO; QUELLI DEL PRECEDENTE SI SCARTANO DOPO 1 ANNO DALLíULTIMO"
11;4;REGISTRI DELLA DISTRIBUZIONE TOPOGRAFICA DELLE TOMBE CON ANNESSE SCHEDE ONOMASTICHE;PERMANENTE
11;4;REGISTRI DI CREMAZIONE;PERMANENTE
11;4;REGISTRI DI ESTUMULAZIONE;PERMANENTE
11;4;REGISTRI DI ESUMAZIONE;PERMANENTE
11;4;REGISTRI DI SEPPELLIMENTO;PERMANENTE
11;4;REGISTRI DI TUMULAZIONE;PERMANENTE
11;4;TRASFERIMENTO DELLE SALME: UN FASC. PER CIASCUN TRASPORTO;50 ANNI
12;1;ALBO DEGLI SCRUTATORI: UN ELENCO PER CIASCUNA ELEZIONE;5 ANNI
12;1;ALBO DEI PRESIDENTI DI SEGGIO: UN ELENCO PER CIASCUNA ELEZIONE;5 ANNI
12;2;CARTEGGIO CONCERNENTE LA TENUTA E LA REVISIONE DELLE LISTE ELETTORALI;5 ANNI DOPO LA REDAZIONE DELLA SUCCESSIVA
12;2;COPIA DEI VERBALI DELLA COMMISSIONE ELETTORALE MANDAMENTALE IN ORDINE ALLE OPERAZIONI E DELIBERAZIONI ADOTTATE DALLA COMMISSIONE ELETTORALE COMUNALE;5 ANNI
12;2;ELENCHI RECANTI LE PROPOSTE DI VARIAZIONE DELLE LISTE ELETTORALI;5 ANNI DOPO LA REDAZIONE DELLA SUCCESSIVA
12;2;FASC. PERSONALI DEGLI ELETTORI: UN FASC. PER CIASCUN ELETTORE;5 ANNI DOPO LA CANCELLAZIONE DALLA LISTA
12;2;LISTE GENERALI;1 ANNO DOPO DELLA SUCCESSIVA
12;2;LISTE SEZIONALI;1 ANNO DOPO DELLA SUCCESSIVA
12;2;SCHEDE DEGLI SCHEDARI SEZIONALI;5 ANNI DOPO LA REDAZIONE DELLA SUCCESSIVA
12;2;SCHEDE DELLO SCHEDARIO GENERALE;5 ANNI DOPO LA REDAZIONE DELLA SUCCESSIVA
12;2;VERBALI DELLA COMMISSIONE ELETTORALE COMUNALE;PERMANENTE
12;3;ATTI RELATIVI ALLA COSTITUZIONE E ARREDAMENTO DEI SEGGI;5 ANNI
12;3;CERTIFICATI ELETTORALI NON RITIRATI;2 ANNI
12;3;CONVOCAZIONE DEI COMIZI ELETTORALI: UN FASC. PER CIASCUNA ELEZIONE;PERMANENTE
12;3;ISTRUZIONI ELETTORALI A STAMPA;2 ANNI
12;3;PACCHI SCORTA ELEZIONI;2 ANNI
12;3;PRESENTAZIONE DELLE LISTE: CARTEGGIO;5 ANNI
12;3;PRESENTAZIONE DELLE LISTE: MANIFESTO;PERMANENTE
12;3;SCHEDE;=
12;3;VERBALI DEI PRESIDENTI DI SEGGIO;=
12;4;ATTI PREPARATORI;5 ANNI
12;4;ATTI RELATIVI ALLA COSTITUZIONE E ARREDAMENTO DEI SEGGI;5 ANNI
12;4;SCHEDE;=
12;4;VERBALI DEI PRESIDENTI DI SEGGIO;=
12;5;RACCOLTA DI FIRME PER REFERENDUM PREVISTI DALLO STATUTO: UN FASC. PER CIASCUNA INIZIATIVA;5 ANNI DOPO IL REFERENDUM
2;1;FASC. PERSONALE CHE DURA QUANTO IL MANDATO;PERMANENTE
2;10;FASC. PERSONALE;PERMANENTE
2;11;FASC. PERSONALE;PERMANENTE
2;14;UN FASC. PER OGNI ORGANO;PERMANENTE
2;15;UN FASC. PER OGNI ORGANO;PERMANENTE
2;3;BOLLETTINO DELLA SITUAZIONE PATRIMONIALE DEI TITOLARI DI CARICHE ELETTIVE E DI CARICHE DIRETTIVE;PERMANENTE
2;3;CONVOCAZIONI DEL CONSIGLIO E ODG;1 ANNO
2;3;FASC. PERSONALI: UN FASC. PER OGNI CONSIGLIERE CHE DURA QUANTO DURA IL MANDATO;PERMANENTE
2;3;INTERROGAZIONI E MOZIONI CONSILIARI;PERMANENTE
2;4;FASC. PERSONALE CHE DURA QUANTO IL MANDATO;PERMANENTE
2;5;VERBALI DELLA CONFERENZA;PERMANENTE
2;5;VERBALI DELLE COMMISSIONI;PERMANENTE
2;7;CONVOCAZIONI DELLA GIUNTA E ODG;1 ANNO
2;7;NOMINE, REVOCHE E DIMISSIONI DEGLI ASSESSORI;PERMANENTE
2;9;FASC. PERSONALE (NOMINA, ETC.) PER LA DURATA DELLíINCARICO;PERMANENTE
3;1;CRITERI GENERALI E NORMATIVA PER IL RECLUTAMENTO DEL PERSONALE: UN FASC. CON EVENTUALI SOTTOFASCICOLI;PERMANENTE
3;1;CURRICULA INVIATI PER RICHIESTE DI ASSUNZIONE;2 ANNI
3;1;DOMANDE DI ASSUNZIONE PERVENUTE SENZA INDIZIONE DI CONCORSO O SELEZIONE;1 ANNO
3;1;PROCEDIMENTI PER IL RECLUTAMENTO DEL PERSONALE: UN FASC. PER CIASCUN PROCEDIMENTO (FASC. PER AFFARE), CON I SEGUENTI SOTTOFASCICOLI: -†BANDO E MANIFESTO -†ALLEGATI ALLE DOMANDE (OVE PREVISTI DAL BANDO) - -†††††††† ALLEGATI ALLE DOMANDE (OVE PREVISTI DAL B;"PERMANENTE
1 ANNO DOPO LA SCADENZA DEI TERMINI PER I RICORSI
DA RESTITUIRE DOPO LA SCADENZA DEI TERMINI PER I RICORSI PERMANENTE
1 ANNO DOPO LA SCADENZA DEI TERMINI PER I RICORSI
1 ANNO DOPO LA SCADENZA DEI
TERMINI PER I RICORSI"
3;11;CRITERI GENERALI E NORMATIVA PER I SERVIZI SU RICHIESTA;PERMANENTE
3;11;DOMANDE DI SERVIZI SU RICHIESTA (MENSA, ASILI NIDO, COLONIE ESTIVE, SOGGIORNI CLIMATICI, ETC.);2 ANNI
3;12;-†††††††† 150 ORE;2 ANNI
3;12;-†††††††† ASPETTATIVA FACOLTATIVA PER MATERNITņ E PUERPERIO;PERMANENTE
3;12;-†††††††† ASPETTATIVA OBBLIGATORIA PER MATERNITņ E PUERPERIO;PERMANENTE
3;12;-†††††††† ASPETTATIVA PER INFERMITņ;PERMANENTE
3;12;-†††††††† ASPETTATIVA PER MANDATO PARLAMENTARE O ALTRE CARICHE ELETTIVE;PERMANENTE
3;12;-†††††††† ASPETTATIVA PER MOTIVI DI FAMIGLIA;PERMANENTE
3;12;-†††††††† ASPETTATIVA SINDACALE;PERMANENTE
3;12;-†††††††† CERTIFICATI MEDICI;ALLA CESSAZIONE DAL SERVIZIO
3;12;-†††††††† CONGEDO ORDINARIO;2 ANNI
3;12;-†††††††† CONGEDO STRAORDINARIO PER MOTIVI DI SALUTE;2 ANNI
3;12;-†††††††† CONGEDO STRAORDINARIO PER MOTIVI PERSONALI E FAMILIARI;ALLA CESSAZIONE DAL SERVIZIO
3;12;-†††††††† OPZIONE PER ORARIO PARTICOLARE E PART-TIME;PERMANENTE
3;12;-†††††††† PERMESSI DíUSCITA PER MOTIVI PERSONALI;2 ANNI
3;12;-†††††††† PERMESSI PER ALLATTAMENTO;2 ANNI
3;12;-†††††††† PERMESSI PER DONAZIONE SANGUE;2 ANNI
3;12;-†††††††† PERMESSI PER MOTIVI SINDACALI;2 ANNI
3;12;-†††††††† PROSPETTI RIASSUNTIVI;
3;12;-†††††††† SINGOLE SCHEDE;1 ANNO DOPO LA REDAZIONE DEI PROSPETTI RIASSUNTIVI PERMANENTE
3;12;CRITERI GENERALI E NORMATIVA PER LE ASSENZE;PERMANENTE
3;12;DOMANDE E DICHIARAZIONI DEI DIPENDENTI SULLíORARIO INSERITE NEL SINGOLO FASCICOLO PERSONALE:;
3;12;DOMANDE E DICHIARAZIONI DEI DIPENDENTI SULLE ASSENZE (CON ALLEGATI) INSERITE NEL SINGOLO FASCICOLO PERSONALE:;
3;12;"FOGLI FIRMA; CARTELLINI MARCATEMPO; TABULATI ELETTRONICI DI RILEVAZIONE PRESENZE";2 ANNI
3;12;REFERTI DELLE VISITE DI CONTROLLO INSERITI NEL SINGOLO FASCICOLO PERSONALE;ALLA CESSAZIONE DAL SERVIZIO
3;12;RILEVAZIONI DELLE ASSENZE PER SCIOPERO:;
3;13;CRITERI GENERALI E NORMATIVA PER I PROVVEDIMENTI DISCIPLINARI;PERMANENTE
3;13;PROVVEDIMENTI DISCIPLINARI INSERITI NEL SINGOLO FASCICOLO PERSONALE;PERMANENTE
3;14;CRITERI GENERALI E NORMATIVA PER LA FORMAZIONE E LíAGGIORNAMENTO PROFESSIONALE;PERMANENTE
3;14;DOMANDE/INVIO DEI DIPENDENTI A CORSI INSERITI NEL SINGOLO FASCICOLO PERSONALE;PERMANENTE PREVIO SFOLTIMENTO DOPO 5 ANNI
3;14;ORGANIZZAZIONE DI CORSI DI FORMAZIONE E AGGIORNAMENTO: UN FASC. PER CIASCUN CORSO;PERMANENTE PREVIO SFOLTIMENTO DOPO 5 ANNI
3;15;CRITERI GENERALI E NORMATIVA PER IL TRATTAMENTO DEI COLLABORATORI ESTERNI;PERMANENTE
3;15;ELENCO DEGLI INCARICHI CONFERITI: REPERTORIO;PERMANENTE
3;2;CRITERI GENERALI E NORMATIVA PER LE ASSUNZIONI E CESSAZIONI;PERMANENTE
3;2;DETERMINAZIONI DI ASSUNZIONE E CESSAZIONE DEI SINGOLI INSERITE NEI SINGOLI FASCICOLI PERSONALI;PERMANENTE
3;3;CRITERI GENERALI E NORMATIVA PER COMANDI, DISTACCHI, MOBILITņ;PERMANENTE
3;3;DETERMINAZIONI DI COMANDI, DISTACCHI E MOBILITņ INSERITE NEI SINGOLI FASCICOLI PERSONALI;PERMANENTE
3;4;AUTORIZZAZIONE ALLO SVOLGIMENTO DI INCARICHI ESTERNI;2 ANNI
3;4;CRITERI GENERALI E NORMATIVA PER LE ATTRIBUZIONI DI FUNZIONI, ORDINI DI SERVIZIO E MISSIONI;PERMANENTE
3;4;DETERMINAZIONI DI ATTRIBUZIONE DI FUNZIONI INSERITE NEI SINGOLI FASCICOLI PERSONALI;PERMANENTE
3;4;DETERMINAZIONI DI MISSIONI INSERITE NEI SINGOLI FASCICOLI PERSONALI;10 ANNI
3;4;DETERMINAZIONI DI ORDINI DI SERVIZIO INSERITE NEI SINGOLI FASCICOLI PERSONALI;PERMANENTE
3;4;ORDINI DI SERVIZIO COLLETTIVI;PERMANENTE
3;5;CRITERI GENERALI E NORMATIVA PER GLI INQUADRAMENTI E LE APPLICAZIONE DEI CONTRATTI COLLETTIVI DI LAVORO;PERMANENTE
3;5;DETERMINAZIONE DEI RUOLI E CONTRATTI COLLETTIVI;PERMANENTE
3;5;DETERMINAZIONI RELATIVE AI SINGOLI;PERMANENTE
3;6;ANAGRAFE DELLE PRESTAZIONI: SCHEDE;5 ANNI
3;6;CRITERI GENERALI E NORMATIVA PER LE RETRIBUZIONI E COMPENSI;PERMANENTE
3;6;DETERMINAZIONI INSERITE NEI SINGOLI FASCICOLI PERSONALI;5 ANNI DALLA CESSAZIONE DAL SERVIZIO
3;6;PROVVEDIMENTI GIUDIZIARI DI REQUISIZIONE DELLO STIPENDIO;5 ANNI
3;6;RUOLI DEGLI STIPENDI: BASE DI DATI/ TABULATI;PERMANENTE
3;7;ASSICURAZIONE OBBLIGATORIA INSERITA NEI SINGOLI FASCICOLI PERSONALI;5 ANNI DALLA CHIUSURA DEL FASCICOLO
3;7;CRITERI GENERALI E NORMATIVA PER GLI ADEMPIMENTI FISCALI, CONTRIBUTIVI E ASSICURATIVI;PERMANENTE
3;7;TRATTAMENTO ASSICURATIVO INSERITO NEI SINGOLI FASCICOLI PERSONALI;5 ANNI DALLA CHIUSURA DEL FASCICOLO
3;7;TRATTAMENTO CONTRIBUTIVO INSERITO NEI SINGOLI FASCICOLI PERSONALI;5 ANNI DALLA CHIUSURA DEL FASCICOLO
3;7;TRATTAMENTO FISCALE INSERITO NEI SINGOLI FASCICOLI PERSONALI;5 ANNI DALLA CHIUSURA DEL FASCICOLO
3;8;CRITERI GENERALI E NORMATIVA PER LA TUTELA DELLA SALUTE E SICUREZZA SUL LUOGO DI LAVORO;PERMANENTE
3;8;DENUNCIA DI INFORTUNIO E PRATICA RELATIVA, CON REFERTI, INSERITA NEI SINGOLI FASCICOLI PERSONALI;PERMANENTE
3;8;FASCICOLI RELATIVI ALLE VISITE MEDICHE ORDINARIE (MEDICINA DEL LAVORO);10 ANNI
3;8;PREVENZIONE INFORTUNI;PERMANENTE
3;8;REGISTRO INFORTUNI;PERMANENTE
3;8;RILEVAZIONE DEI RISCHI, AI SENSI DELLA 626/94: UN FASC. PER SEDE;TENERE LíULTIMA E SCARTARE LA PRECEDENTE
3;8;VERBALI DELLE RAPPRESENTANZE DEI LAVORATORI PER LA SICUREZZA;PERMANENTE
4;10;ACQUISIZIONE DI BENI E SERVIZI: UN FASC. PER CIASCUN ACQUISTO;5 ANNI DALLA DISMISSIONE DEL BENE
4;10;ELENCO DEI FORNITORI: REPERTORIO (IN FORMA DI BASE DI DATI);PERMANENTE
4;12;GIORNALE DI CASSA;PERMANENTE
4;12;MANDATI QUIETANZATI, CHE VENGONO INVIATI IN RAGIONERIA: REPERTORIO PERIODICO (MESE/ANNO);10 ANNI
4;13;CONCESSIONARI: UN FASC. PER CIASCUNO DEI CONCESSIONARI;10 ANNI DALLA CESSAZIONE DEL RAPPORTO
4;14;AUTORIZZAZIONI ALLA PUBBLICITņ CIRCOSCRITTA: REPERTORIO ANNUALE;5 ANNI DALLA SCADENZA DELLíAUTORIZZAZIONE
4;14;AUTORIZZAZIONI ALLA PUBBLICITņ STABILE: REPERTORIO ANNUALE;5 ANNI DALLA SCADENZA DELLíAUTORIZZAZIONE
4;14;RICHIESTE DI AFFISSIONE (CON ALLEGATI DA AFFIGGERE): UN FASC. PER RICHIESTA;5 ANNI DALLA SCADENZA DELLíAUTORIZZAZIONE
4;2;BILANCIO PREVENTIVO E ALLEGATI, TRA CUI RELAZIONE PREVISIONALE E PROGRAMMATICA;PERMANENTE
4;2;CARTEGGIO PRODOTTO DAI DIFFERENTI UFFICI DEL COMUNE PER QUESTIONI AFFERENTI ALLA FORMAZIONE DEL BILANCIO E DEL PEG;10 ANNI
4;2;GESTIONE DEL BILANCIO: UN FASC. PER CIASCUNA VARIAZIONE;PERMANENTE, PREVIO SFOLTIMENTO
4;2;PEG: ARTICOLATO IN FASCICOLI: UN FASC. PER OGNI OBIETTIVO;PERMANENTE, PREVIO SFOLTIMENTO
4;3;BOLLETTARI VARI;5 ANNI
4;3;CONTRATTI DI MUTUO: UN FASC. PER CIASCUN MUTUO;5 ANNI DALLíESTINZIONE DEL MUTUO
4;3;DIRITTI DI SEGRETERIA: REGISTRINI ANNUALI O PAGAMENTI VIRTUALI;5 ANNI
4;3;FASCICOLI PERSONALI DEI CONTRIBUENTI COMUNALI: UN FASC. PER CIASCUN CONTRIBUENTE PER CIASCUN TIPO DI IMPOSTE (ICI, TARSU, TOSAP, ETC.), CON EVENTUALI SOTTOFASCICOLI (VARIAZIONI, RICORSI, ETC.);10 DOPO LA CANCELLAZIONE DEL CONTRIBUENTE DAI RUOLI
4;3;FATTURE EMESSE: REPERTORIO ANNUALE;10 ANNI
4;3;MATRICI DEI BOLLETTARI DELLE ENTRATE: REGISTRI ANNUALI;5 ANNI
4;3;PROVENTI DA AFFITTI E LOCAZIONI: UN FASC. ANNUALE PER CIASCUN IMMOBILE LOCATO;5 ANNI DAL TERMINE DEL CONTRATTO
4;3;REVERSALI;5 ANNI
4;3;RICEVUTE DEI VERSAMENTI IN BANCA DELLE SOMME RISCOSSE NELLE DIFFERENTI UOR PER DIRITTI DI SEGRETERIA;5 ANNI
4;3;RICEVUTE DI PAGAMENTI VARI;5 ANNI
4;3;RUOLO COSAP: BASE DI DATI;10 ANNI
4;3;RUOLO DIRITTI SULLE PUBBLICHE AFFISSIONI: BASE DI DATI;10 ANNI
4;3;RUOLO ICI: BASE DI DATI/ STAMPE;10 ANNI
4;3;RUOLO IMPOSTA COMUNALE SULLA PUBBLICITņ: BASE DI DATI;10 ANNI
4;3;RUOLO TARSU: BASE DI DATI;10 ANNI
4;4;ATTI DI  LIQUIDAZIONE  CON ALLEGATI TRASMESSI DA CIASCUNA  UOR:REPERTORIO ANNUALE;2 ANNI
4;4;EVENTUALI COPIE DI MANDATI;2 ANNI
4;4;FATTURE RICEVUTE: REPERTORIO ANNUALE;10 ANNI
4;4;IMPEGNI DI SPESA (DETERMINAZIONI DEI DIRIGENTI DELLE UOR): COPIE INVIATE DALLE UOR ALLA RAGIONERIA: REPERTORIO ANNUALE;2 ANNI
4;4;MANDATI DI PAGAMENTO CON ALLEGATI EMESSI DALLA RAGIONERIA E INVIATI ALLA TESORERIA: REPERTORIO ANNUALE;10 ANNI DALLíAPPROVAZIONE DEL BILANCIO
4;6;RENDICONTO DELLA GESTIONE, ARTICOLATO IN CONTO DEL BILANCIO, CONTO DEL PATRIMONIO E CONTO ECONOMICO;PERMANENTE
4;7;MOD. 770;10 ANNI
4;7;PAGAMENTO DEI PREMI DEI CONTRATTI ASSICURATIVI;5 ANNI DALLíESTINZIONE DEL CONTRATTO
4;7;RICEVUTE DEI VERSAMENTI (IVA, IRPEF, ETC.);10 ANNI
4;8;-†††††††† ACQUISIZIONE;PERMANENTE
4;8;-†††††††† ALIENAZIONE E DISMISSIONE;PERMANENTE
4;8;-†††††††† GESTIONE;5 ANNI
4;8;-†††††††† MANUTENZIONE ORDINARIA;20 ANNI
4;8;-†††††††† USO;5 ANNI
4;8;CONCESSIONARIO;RAPPORTO
4;8;CONCESSIONI CIMITERIALI: REPERTORIO;PERMANENTE
4;8;CONCESSIONI DI BENI DEL DEMANIO STATALE: REPERTORIO;PERMANENTE
4;8;CONCESSIONI DI OCCUPAZIONE DI SPAZI E AREE PUBBLICHE: REPERTORIO;PERMANENTE
4;8;FASCICOLI DEI BENI IMMOBILI: UN FASC. PER CIASCUN BENE IMMOBILE, ARTICOLATO NEI SEGUENTI SOTTOFASCICOLI, RELATIVI AD ATTIVITņ SPECIFICHE, CHE POSSONO ANCHE ESSERE DI COMPETENZA DI UOR DIVERSE:;
4;8;FASCICOLI PERSONALI DEI CONCESSIONARI: UN FASC. PER CIASCUN;5 ANNI DALLA CESSAZIONE DEL
4;8;INVENTARIO DEI BENI IMMOBILI: REGISTRO O BASE DI DATI PERENNE;PERMANENTE
4;9;-†††††††† ACQUISIZIONE;5 ANNI DALLA DISMISSIONE
4;9;-†††††††† ALIENAZIONE E ALTRE FORME DI DISMISSIONE;5 ANNI DALLA DISMISSIONE
4;9;-†††††††† CONCESSIONE IN USO;5 ANNI DALLA DISMISSIONE
4;9;-†††††††† MANUTENZIONE;5 ANNI DALLA DISMISSIONE
4;9;FASCICOLI DEI BENI MOBILI: UN FASC. PER CIASCUN BENE MOBILE, ARTICOLATO NEI SEGUENTI SOTTOFASCICOLI, RELATIVI AD ATTIVITņ SPECIFICHE, CHE POSSONO ANCHE ESSERE DI COMPETENZA DI UOR DIVERSE:;
4;9;INVENTARI DEI BENI MOBILI: UNO PER CONSEGNATARIO;PERMANENTE
5;1;FASCICOLI DI CAUSA;PERMANENTE
5;2;CONTRATTI ASSICURATIVI;2 ANNI DALLA SCADENZA
5;2;RICHIESTE E PRATICHE DI RISARCIMENTO;10 ANNI
6;1;CERTIFICATI DI DESTINAZIONE URBANISTICA;1 ANNO DOPO LA SCADENZA
6;1;PARERI SU PIANI SOVRACOMUNALI;PERMANENTE
6;1;PGR;PERMANENTE
6;1;VARIANTI AL PRG;PERMANENTE
6;10;ADDESTRAMENTO ED ESERCITAZIONI PER LA PROTEZIONE CIVILE: UN FASC.ANNUALE;5 ANNI
6;10;INTERVENTI PER EMERGENZE: UN FASC. PER CIASCUNA EMERGENZA;PERMANENTE CON SFOLTIMENTO
6;10;SEGNALAZIONI PREVENTIVE DI CONDIZIONI METEREOLOGICHE AVVERSE: UN FASC. ANNUALE;2 ANNI
6;2;PIANI DI EDILIZIA ECONOMICA E POPOLARE Ė PEEP;PERMANENTE
6;2;PIANI DI LOTTIZZAZIONE;PERMANENTE
6;2;PIANI PARTICOLAREGGIATI DEL PRG;PERMANENTE
6;2;PIANO DI RIQUALIFICAZIONE URBANA Ė PRU;PERMANENTE
6;2;PIANO INSEDIAMENTI PRODUTTIVI - PIP;PERMANENTE
6;2;PIANO PARTICOLAREGGIATO INFRASTRUTTURE STRADALI - PPIS;PERMANENTE
6;2;PROGRAMMA DI RIQUALIFICAZIONE URBANA E DI SVILUPPO SOSTENIBILE DEL TERRITORIO;PERMANENTE
6;2;PROGRAMMA INTEGRATO DI RIQUALIFICAZIONE;PERMANENTE
6;3;ACCERTAMENTO E REPRESSIONE DEGLI ABUSI;PERMANENTE
6;3;AUTORIZZAZIONI EDILIZIE: REPERTORIO;PERMANENTE
6;3;DENUNCE E RELAZIONI FINALI DELLE OPERE IN CEMENTO ARMATO;FINO A QUANDO ESISTE LíEDIFICIO
6;3;FASCICOLI DEI RICHIEDENTI LE AUTORIZZAZIONI: UN FASC. PER CIASCUNA AUTORIZZAZIONE;PERMANENTE
6;4;COSTRUZIONE DI EDILIZIA POPOLARE;PERMANENTE
6;5;MANUTENZIONE ORDINARIA;5 ANNI
6;5;MANUTENZIONE STRAORDINARIA;20 ANNI
6;5;REALIZZAZIONE DI OPERE PUBBLICHE;PERMANENTE
6;6;CATASTO FABBRICATI: ESTRATTI CATASTALI;PERMANENTE
6;6;CATASTO FABBRICATI: INDICE ALFABETICO DEI POSSESSORI;PERMANENTE
6;6;CATASTO FABBRICATI: MAPPE;PERMANENTE
6;6;CATASTO FABBRICATI: REGISTRI;PERMANENTE
6;6;CATASTO TERRENI: DENUNCE DI VARIAZIONE (VOLTURE);PERMANENTE
6;6;CATASTO TERRENI: ESTRATTI CATASTALI;PERMANENTE
6;6;CATASTO TERRENI: INDICE ALFABETICO DEI POSSESSORI;PERMANENTE
6;6;CATASTO TERRENI: MAPPE;PERMANENTE
6;6;CATASTO TERRENI: REGISTRI;PERMANENTE
6;6;RICHIESTE DI VISURE E CERTIFICAZIONI;1 ANNO
6;7;AUTORIZZAZIONI IN DEROGA: SERIE ANNUALE REPERTORIATA;2 ANNI
6;7;PIANO URBANO DEL TRAFFICO:UN FASC. PER CIASCUN AFFARE;PERMANENTE CON SFOLTIMENTO
6;7;PIANO URBANO DELLA MOBILITņ: UN FASC. PER CIASCUN AFFARE;PERMANENTE CON SFOLTIMENTO
6;8;APPROVVIGIONAMENTO IDRICO (ORGANIZZAZIONE E FUNZIONAMENTO);PERMANENTE CON SFOLTIMENTO
6;8;DICHIARAZIONI DI CONFORMITņ DEGLI IMPIANTI: REPERTORIO ANNUALE;1 ANNO
6;8;DISTRIBUZIONE DELLíACQUA: CONTRATTI CON GLI UTENTI;2 ANNI DALLA CESSAZIONE DEL RAPPORTO
6;8;DISTRIBUZIONE DI ENERGIA ELETTRICA O ALTRE FONTI ENERGETICHE CONTRATTI CON GLI UTENTI:;2 ANNI DALLA CESSAZIONE DEL RAPPORTO
6;8;FASCICOLI RELATIVI ALLE IRREGOLARITņ;10 ANNI
6;8;INIZIATIVE A FAVORE DELLíAMBIENTE;PERMANENTE CON SFOLTIMENTO
6;8;INIZIATIVE DI SENSIBILIZZAZIONE DEGLI UTENTI PER CONSUMI RAZIONALI: UN FASC. PER CIASCUNA INIZIATIVA;PERMANENTE CON SFOLTIMENTO
6;8;PRODUZIONE DI ENERGIA ELETTRICA O ALTRE FONTI ENERGETICHE (ORGANIZZAZIONE E FUNZIONAMENTO);PERMANENTE CON SFOLTIMENTO
6;8;TRASPORTI PUBBLICI (GESTIONE);PERMANENTE CON SFOLTIMENTO
6;8;VIGILANZA SUI GESTORI DEI SERVIZI: UN FASC. ANNUALE PER ATTIVITņ;PERMANENTE CON SFOLTIMENTO
6;9;ALTRI EVENTUALI MONITORAGGI: FASC. ANNUALE PER ATTIVITņ;10 ANNI
6;9;CONTROLLI A CAMPIONE SUGLI IMPIANTI TERMICI DEI PRIVATI: FASC. ANNUALE PER ATTIVITņ;2 ANNI
6;9;FASCICOLI RELATIVI ALLE IRREGOLARITņ;10 ANNI
6;9;MONITORAGGI DELLA QUALITņ DELLíARIA: FASC. ANNUALE PER ATTIVITņ;10 ANNI
6;9;MONITORAGGI DELLA QUALITņ DELLíETERE: UN FASC. ANNUALE PER ATTIVITņ;10 ANNI
6;9;MONITORAGGI DELLA QUALITņ DELLE ACQUE: FASC. ANNUALE PER ATTIVITņ;10 ANNI
6;9;VALUTAZIONI E PARERI DI IMPATTO AMBIENTALE: UN FASC. PER CIASCUN PARERE;PERMANENTE
7;1;-†††††††† ASSEGNAZIONI;5 ANNI
7;1;-†††††††† BANDO;PERMANENTE
7;1;-†††††††† DOMANDE;5 ANNI
7;1;-†††††††† GRADUATORIE;PERMANENTE
7;1;AZIONI DI PROMOZIONE E SOSTEGNO DEL DIRITTO ALLO STUDIO: UN FASC. PER INTERVENTO;5 ANNI
7;1;CONCESSIONE DI BORSE DI STUDIO:;
7;1;DISTRIBUZIONE BUONI LIBRO: UN FASC. PER SCUOLA;2 ANNI
7;1;GESTIONE BUONI PASTO DEGLI ISCRITTI ALLE SCUOLE: UN FASC. PER PERIODO;2 ANNI
7;1;GESTIONE MENSE SCOLASTICHE: UN FASC. PER MENSA SCOLASTICA E PER PERIODO;10 ANNI
7;1;GESTIONE TRASPORTO SCOLASTICO: UN FASC. PER PERIODO E PER TRATTA;2 ANNI
7;1;INTEGRAZIONE DI NEO-IMMIGRATI E NOMADI: UN FASC. PER INTERVENTO;10 ANNI
7;1;VERBALI DEL COMITATO GENITORI PER LA MENSA;3 ANNI
7;10;FUNZIONAMENTO E ATTIVITņ DELLE STRUTTURE (CONSULTORI, INFORMAGIOVANI, ETC.): UN FASC. PER STRUTTURA;PERMANENTE, PREVIO SFOLTIMENTO DEL CARTEGGIO TEMPORA- NEO E STRUMENTALE DOPO 10 ANNI
7;10;INIZIATIVE DI VARIO TIPO: UN FASC. PER INIZIATIVA;PERMANENTE, PREVIO SFOLTIMENTO DEL CARTEGGIO TEMPORA- NEO E STRUMENTALE DOPO 10 ANNI
7;11;INTERVENTI PER LE PERSONE SOTTOPOSTE A TUTELA E CURATELA: UN FASC. PER INTERVENTO.;PERMANENTE, PREVIO SFOLTIMENTO DEL CARTEGGIO TEMPORA- NEO E STRUMENTALE DOPO 10 ANNI
7;12;FUNZIONAMENTO E ATTIVITņ DELLE STRUTTURE: UN FASC. ANNUALE PER CIASCUNA STRUTTURA;PERMANENTE, PREVIO SFOLTIMENTO DEL CARTEGGIO TEMPORANEO E STRUMENTALE DOPO 10 ANNI
7;12;INIZIATIVE SPECIFICHE: UN FASC. PER CIASCUNA INIZIATIVA;PERMANENTE, PREVIO SFOLTIMENTO DEL CARTEGGIO TEMPORANEO E STRUMENTALE DOPO 10 ANNI
7;13;FUNZIONAMENTO E ATTIVITņ DELLE STRUTTURE (COLONIE, CENTRI RICREATIVI, ETC.): UN FASC. ANNUALE PER CIASCUNA STRUTTURA;PERMANENTE, PREVIO SFOLTIMENTO DEL CARTEGGIO TEMPORANEO E STRUMENTALE DOPO 10 ANNI
7;13;INIZIATIVE SPECIFICHE: UN FASC. PER CIASCUNA INIZIATIVA;PERMANENTE, PREVIO SFOLTIMENTO DEL CARTEGGIO TEMPORANEO E STRUMENTALE DOPO 10 ANNI
7;14;BANDO;PERMANENTE 5 ANNI
7;14;-††††††† ASSEGNAZIONE;5 ANNI
7;14;-††††††† DOMANDE;5 ANNI
7;14;-††††††† GRADUATORIA;PERMANENTE
7;14;ASSEGNAZIONE DEGLI ALLOGGI: UN FASC. PER BANDO, ORGANIZZATO IN SOTTOFASCICOLI:;
7;14;FASC. DEGLI ASSEGNATARI : UN FASC. PER ASSEGNATARIO;DOPO LA SCADENZA DEL CONTRATTO
7;15;INIZIATIVE SPECIFICHE: UN FASC. PER INIZIATIVA;PERMANENTE, PREVIO SFOLTI- MENTO DEL CARTEGGIO TEMPORA- NEO E STRUMENTALE DOPO 10 ANNI
7;2;DOMANDE DI AMMISSIONE AGLI ASILI NIDO E ALLE SCUOLE MATERNE: UN FASC. PER ASILO/SCUOLA;2 ANNI
7;2;FUNZIONAMENTO. DEGLI ASILI E DELLE SCUOLE MATERNE: UN FASC. PER STRUTTURA;10 ANNI
7;2;GRADUATORIE DI AMMISSIONE;2 ANNI
7;3;INIZIATIVE SPECIFICHE: UN FASC. PER INIZIATIVA;10 ANNI
7;3;REGISTRI SCOLASTICI (DEL PROFESSORE E DELLA CLASSE) PRODOTTI DALLE SCUOLE CIVICHE (OVE PRESENTI);PERMANENTI
7;4;INIZIATIVE SPECIFICHE: UN FASC. PER INIZIATIVA;10 ANNI
7;5;FUNZIONAMENTO DELLE DIVERSE ISTITUZIONI CULTURALI: UN FASC. PER ISTITUTO;PERMANENTE
7;5;VERBALI DEGLI ORGANI DI GESTIONE DEGLI ISTITUTI CULTURALI;PERMANENTE
7;6;ATTIVITņ ORDINARIE ANNUALI: UN FASC. PER ATTIVITņ E PER PERIODO);10 ANNI
7;6;EVENTI CULTURALI: UN FASC. PER EVENTO;PERMANENTE, PREVIO SFOLTIMENTO DEL CARTEGGIO TEMPORANEO E STRUMENTALE DOPO 10 ANNI
7;6;FESTE CIVILI E/O RELIGIOSE: UN FASC. PER INIZIATIVA;PERMANENTE, PREVIO SFOLTIMENTO DEL CARTEGGIO TEMPORANEO E STRUMENTALE DOPO 10 ANNI
7;6;INIZIATIVE CULTURALI. UN FASC. PER INIZIATIVA;PERMANENTE, PREVIO SFOLTIMENTO DEL CARTEGGIO TEMPORANEO E STRUMENTALE DOPO 10 ANNI
7;6;PRESTITI DI BENI CULTURALI: UN FASC. PER AFFARE;PERMANENTE
7;7;EVENTI E ATTIVITņ SPORTIVE: UN FASC. PER EVENTO/ATTIVITņ;PERMANENTE, PREVIO SFOLTIMENTO DEL CARTEGGIO TEMPORANEO E STRUMENTALE DOPO 5 ANNI
7;9;CAMPAGNE DI PREVENZIONE: UN FASC. PER CAMPAGNA;PERMANENTE, PREVIO SFOLTIMENTO DEL CARTEGGIO TEMPORANEO E STRUMENTALE DOPO 5 ANNI
7;9;INTERVENTI DI RECUPERO E REINTEGRAZIONE DEI SOGGETTI A RISCHIO: UN FASC. PER INTERVENTO;PERMANENTE, PREVIO SFOLTIMENTO DEL CARTEGGIO TEMPORANEO E STRUMENTALE DOPO 5 ANNI
7;9;RICOGNIZIONE DEI RISCHI: UN FASC. PER AFFARE;PERMANENTE, PREVIO SFOLTIMENTO DEL CARTEGGIO TEMPORANEO E STRUMENTALE DOPO 5 ANNI
8;1;DICHIARAZIONI RACCOLTA E PRODUZIONE: UN FASC. PER PERIODO;5 ANNI
8;1;INIZIATIVE SPECIFICHE: UN FASC. PER AFFARE;PERMANENTE, PREVIO SFOLTIMENTO DEL CARTEG-GIO TEMPORANEO E STRUMENTALE DOPO 5 ANNI
8;2;AUTORIZZAZIONI ARTIGIANE: REPERTORIO;PERMANENTE
8;2;INIZIATIVE SPECIFICHE: UN FASC. PER AFFARE;PERMANENTE, PREVIO SFOLTIMENTO DEL CARTEG-GIO TEMPORANEO E STRUMENTALE DOPO 5 ANNI
8;3;INIZIATIVE SPECIFICHE: UN FASC. PER AFFARE;PERMANENTE, PREVIO SFOLTIMENTO DEL CARTEG-GIO TEMPORANEO E STRUMENTALE DOPO 5 ANNI
8;4;AUTORIZZAZIONI COMMERCIALI: REPERTORIO;PERMANENTE
8;4;COMUNICAZIONI DOVUTE: UN FASC. PER PERIODO;1 ANNO
8;4;INIZIATIVE SPECIFICHE: UN FASC. PER AFFARE;PERMANENTE, PREVIO SFOLTIMENTO DEL CARTEG-GIO TEMPORANEO E STRUMENTALE DOPO 5 ANNI
8;5;INIZIATIVE SPECIFICHE: UN FASC. PER AFFARE;PERMANENTE, PREVIO SFOLTIMENTO DEL CARTEG-GIO TEMPORANEO E STRUMENTALE DOPO 5 ANNI
8;6;AUTORIZZAZIONI TURISTICHE: REPERTORIO;PERMANENTE
8;6;INIZIATIVE SPECIFICHE: UN FASC. PER AFFARE;PERMANENTE, PREVIO SFOLTIMENTO DEL CARTEG-GIO TEMPORANEO E STRUMENTALE DOPO 5 ANNI
8;7;INIZIATIVE SPECIFICHE: UN FASC. PER AFFARE;PERMANENTE, PREVIO SFOLTIMENTO DEL CARTEG-GIO TEMPORANEO E STRUMENTALE DOPO 5 ANNI
9;1;CORSI DI EDUCAZIONE STRADALE NELLE SCUOLE: UN FASC. PER CORSO;5 ANNI
9;1;INIZIATIVE SPECIFICHE DI PREVENZIONE: UN FASC. PER INIZIATIVA;5 ANNI
9;2;ACCERTAMENTO DI VIOLAZIONI AL CODICE DELLA STRADA E CONSEGUENTE EROGAZIONE DI SANZIONI: UN FASC. PER ACCERTAMENTO;5 ANNI
9;2;DIRETTIVE E DISPOSIZIONI: UN FASC. ANNUALE;PERMANENTE
9;2;GESTIONE VEICOLI RIMOSSI: UN FASC. PER CIASCUN VEICOLO;2 ANNI
9;2;ORGANIZZAZIONE DEL SERVIZIO DI PATTUGLIAMENTO: UN FASC. ANNUALE;3 ANNI
9;2;STATISTICHE DELLE VIOLAZIONI E DEGLI INCIDENTI: UN FASC. ANNUALE;PERMANENTE
9;2;VERBALI DI ACCERTAMENTO DI VIOLAZIONI AL CODICE DELLA STRADA: REPERTORIO ANNUALE;10 ANNI
9;2;VERBALI DI RILEVAZIONE INCIDENTI: REPERTORIO ANNUALE;20 ANNI
9;4;AUTORIZZAZIONI DI PUBBLICA SICUREZZA: REPERTORIO ANNUALE, ORGANIZZATA IN SOTTOSERIE;PERMANENTE
9;4;DIRETTIVE E DISPOSIZIONI GENERALI: UN FASC. ANNUALE;PERMANENTE
9;4;FASCICOLI DEI RICHIEDENTI LíAUTORIZZAZIONE DI PUBBLICA SICUREZZA: UN FASC. PER RICHIEDENTE;5 ANNI
9;4;SERVIZIO ORDINARIO DI PUBBLICA SICUREZZA: UN FASC. ANNUALE;5 ANNI
9;4;SERVIZIO STRAORDINARIO DI PUBBLICA SICUREZZA, IN CASO DI EVENTI PARTICOLARI (MANIFESTAZIONI, CONCERTI, ETC.): UN FASC. PER EVENTO;5 ANNI
9;4;VERBALI DEGLI ACCERTAMENTI NEI DIVERSI SETTORI (EDILIZIO, SANITARIO, COMMERCIALE, ANAGRAFICO, SOCIALE, ETC.): UN REPERTORIO ANNUALE PER CIASCUN SETTORE DI ACCERTAMENTO;PERMANENTE
